candidate id,candidate name,father,group,other,test id,test,verbal ability,current affairs,general science,numerical ability,social science,total,test rank,group rank,percentage
1418,,,,,118,PBU Final Exam,5,55,51,17,31,159,16,0,49.688
1562,,,,,118,PBU Final Exam,30,20,10,10,5,75,85,0,23.438
1822,,,,,118,PBU Final Exam,40,30,20,15,10,115,48,0,35.938
1823,,,,,118,PBU Final Exam,25,20,25,15,-10,75,85,0,23.438
1824,,,,,118,PBU Final Exam,10,-10,-5,5,0,0,151,0,0
1825,,,,,118,PBU Final Exam,10,20,50,15,10,105,57,0,32.812
1826,,,,,118,PBU Final Exam,35,52,47,16,17,167,12,0,52.188
1827,,,,,118,PBU Final Exam,35,15,10,5,20,85,76,0,26.562
1828,,,,,118,PBU Final Exam,10,10,25,10,10,65,95,0,20.312
1829,,,,,118,PBU Final Exam,45,55,45,30,30,205,5,0,64.062
1830,,,,,118,PBU Final Exam,41,70,60,30,25,226,1,0,70.625
1832,,,,,118,PBU Final Exam,40,55,26,32,15,168,11,0,52.5
1833,,,,,118,PBU Final Exam,31,55,40,11,26,163,14,0,50.938
1834,,,,,118,PBU Final Exam,35,70,55,25,25,210,4,0,65.625
1836,,,,,118,PBU Final Exam,25,15,-5,0,10,45,113,0,14.062
1839,,,,,118,PBU Final Exam,40,10,30,15,15,110,53,0,34.375
1840,,,,,118,PBU Final Exam,25,10,10,15,0,60,100,0,18.75
1842,,,,,118,PBU Final Exam,46,53,52,15,21,187,7,0,58.438
1845,,,,,118,PBU Final Exam,30,60,46,42,35,213,3,0,66.562
1847,,,,,118,PBU Final Exam,10,60,55,45,30,200,6,0,62.5
1851,,,,,118,PBU Final Exam,26,10,15,1,5,57,103,0,17.812
1853,,,,,118,PBU Final Exam,35,55,45,30,20,185,8,0,57.812
1854,,,,,118,PBU Final Exam,40,25,0,15,20,100,62,0,31.25
1855,,,,,118,PBU Final Exam,40,20,25,5,2,92,69,0,28.75
1856,,,,,118,PBU Final Exam,15,5,15,20,15,70,90,0,21.875
1857,,,,,118,PBU Final Exam,25,15,10,0,0,50,110,0,15.625
1858,,,,,118,PBU Final Exam,40,35,15,5,20,115,48,0,35.938
1859,,,,,118,PBU Final Exam,30,10,5,10,0,55,105,0,17.188
1876,,,,,118,PBU Final Exam,10,-10,10,-5,0,5,149,0,1.562
1860,,,,,118,PBU Final Exam,25,5,20,5,-5,50,110,0,15.625
1861,,,,,118,PBU Final Exam,20,15,45,-5,0,75,85,0,23.438
1862,,,,,118,PBU Final Exam,10,-5,5,10,-5,15,141,0,4.688
1863,,,,,118,PBU Final Exam,15,6,5,0,0,26,131,0,8.125
1864,,,,,118,PBU Final Exam,20,20,0,10,10,60,100,0,18.75
1865,,,,,118,PBU Final Exam,35,20,20,20,10,105,57,0,32.812
1866,,,,,118,PBU Final Exam,30,0,0,5,15,50,110,0,15.625
1867,,,,,118,PBU Final Exam,25,15,35,5,5,85,76,0,26.562
1868,,,,,118,PBU Final Exam,10,10,20,30,5,75,85,0,23.438
1869,,,,,118,PBU Final Exam,30,25,20,20,10,105,57,0,32.812
1870,,,,,118,PBU Final Exam,40,15,10,30,10,105,57,0,32.812
1871,,,,,118,PBU Final Exam,30,30,25,20,15,120,44,0,37.5
1873,,,,,118,PBU Final Exam,40,20,15,10,0,85,76,0,26.562
1875,,,,,118,PBU Final Exam,10,15,15,5,5,50,110,0,15.625
1876,,,,,118,PBU Final Exam,10,-10,10,-5,0,5,149,0,1.562
1878,,,,,118,PBU Final Exam,15,15,20,1,0,51,109,0,15.938
1879,,,,,118,PBU Final Exam,26,15,10,30,0,81,80,0,25.312
1880,,,,,118,PBU Final Exam,40,5,35,10,5,95,66,0,29.688
1882,,,,,118,PBU Final Exam,40,5,30,5,0,80,81,0,25
1883,,,,,118,PBU Final Exam,40,20,10,25,10,105,57,0,32.812
1884,,,,,118,PBU Final Exam,0,25,11,-14,15,37,121,0,11.562
1885,,,,,118,PBU Final Exam,40,15,10,15,0,80,81,0,25
1886,,,,,118,PBU Final Exam,25,20,10,0,-5,50,110,0,15.625
1887,,,,,118,PBU Final Exam,31,10,30,11,5,87,74,0,27.188
1888,,,,,118,PBU Final Exam,35,20,30,15,0,100,62,0,31.25
1891,,,,,118,PBU Final Exam,30,20,30,15,-5,90,71,0,28.125
1892,,,,,118,PBU Final Exam,35,15,5,5,10,70,90,0,21.875
1893,,,,,118,PBU Final Exam,0,5,0,5,-5,5,149,0,1.562
1894,,,,,118,PBU Final Exam,10,5,15,-9,5,26,131,0,8.125
1895,,,,,118,PBU Final Exam,35,10,25,0,0,70,90,0,21.875
1896,,,,,118,PBU Final Exam,40,30,35,25,10,140,27,0,43.75
1897,,,,,118,PBU Final Exam,35,10,25,0,0,70,90,0,21.875
1900,,,,,118,PBU Final Exam,5,-5,20,15,-5,30,128,0,9.375
1902,,,,,118,PBU Final Exam,15,5,5,5,10,40,118,0,12.5
1903,,,,,118,PBU Final Exam,15,5,5,10,5,40,118,0,12.5
1904,,,,,118,PBU Final Exam,35,15,10,15,25,100,62,0,31.25
1905,,,,,118,PBU Final Exam,10,5,21,10,1,47,111,0,14.688
1906,,,,,118,PBU Final Exam,10,5,15,0,5,35,123,0,10.938
1907,,,,,118,PBU Final Exam,0,10,15,5,5,35,123,0,10.938
1909,,,,,118,PBU Final Exam,35,40,30,15,20,140,27,0,43.75
1910,,,,,118,PBU Final Exam,15,25,10,-5,10,55,105,0,17.188
1911,,,,,118,PBU Final Exam,20,15,10,5,10,60,100,0,18.75
1912,,,,,118,PBU Final Exam,35,25,20,10,5,95,66,0,29.688
1913,,,,,118,PBU Final Exam,10,5,25,15,15,70,90,0,21.875
1914,,,,,118,PBU Final Exam,5,26,15,5,5,56,104,0,17.5
1915,,,,,118,PBU Final Exam,5,15,35,-5,10,60,100,0,18.75
1916,,,,,118,PBU Final Exam,15,21,5,-5,0,36,122,0,11.25
1917,,,,,118,PBU Final Exam,35,15,20,0,20,90,71,0,28.125
1918,,,,,118,PBU Final Exam,5,0,10,5,5,25,132,0,7.812
1919,,,,,118,PBU Final Exam,25,5,50,-10,-5,65,95,0,20.312
1920,,,,,118,PBU Final Exam,40,10,20,15,10,95,66,0,29.688
1922,,,,,118,PBU Final Exam,40,6,26,25,6,103,59,0,32.188
1923,,,,,118,PBU Final Exam,15,7,2,6,5,35,123,0,10.938
1924,,,,,118,PBU Final Exam,10,15,10,10,10,55,105,0,17.188
1925,,,,,118,PBU Final Exam,35,30,15,21,1,102,60,0,31.875
1926,,,,,118,PBU Final Exam,15,15,0,5,5,40,118,0,12.5
1927,,,,,118,PBU Final Exam,30,10,15,-5,15,65,95,0,20.312
1928,,,,,118,PBU Final Exam,25,10,5,0,5,45,113,0,14.062
1930,,,,,118,PBU Final Exam,-4,-10,10,5,8,9,146,0,2.812
1931,,,,,118,PBU Final Exam,15,25,25,-5,5,65,95,0,20.312
1932,,,,,118,PBU Final Exam,40,-5,25,15,1,76,84,0,23.75
1933,,,,,118,PBU Final Exam,-5,-5,-5,0,-5,-20,157,0,0
1934,,,,,118,PBU Final Exam,10,15,5,10,0,40,118,0,12.5
1935,,,,,118,PBU Final Exam,25,5,20,6,20,76,84,0,23.75
1936,,,,,118,PBU Final Exam,30,15,5,15,15,80,81,0,25
1937,,,,,118,PBU Final Exam,25,2,-5,5,0,27,130,0,8.438
1938,,,,,118,PBU Final Exam,20,10,0,10,15,55,105,0,17.188
1939,,,,,118,PBU Final Exam,40,-5,5,0,5,45,113,0,14.062
1940,,,,,118,PBU Final Exam,35,5,0,10,-5,45,113,0,14.062
1942,,,,,118,PBU Final Exam,20,6,15,15,10,66,94,0,20.625
1943,,,,,118,PBU Final Exam,35,15,-5,10,20,75,85,0,23.438
1944,,,,,118,PBU Final Exam,10,36,5,-5,0,46,112,0,14.375
1945,,,,,118,PBU Final Exam,35,10,0,10,15,70,90,0,21.875
1946,,,,,118,PBU Final Exam,35,5,10,15,-5,60,100,0,18.75
1947,,,,,118,PBU Final Exam,20,10,10,5,5,50,110,0,15.625
1948,,,,,118,PBU Final Exam,20,25,17,6,17,85,76,0,26.562
1950,,,,,118,PBU Final Exam,25,20,20,10,10,85,76,0,26.562
1951,,,,,118,PBU Final Exam,15,15,15,10,20,75,85,0,23.438
1952,,,,,118,PBU Final Exam,40,25,20,20,5,110,53,0,34.375
1953,,,,,118,PBU Final Exam,25,5,20,20,5,75,85,0,23.438
1954,,,,,118,PBU Final Exam,30,10,15,20,20,95,66,0,29.688
1955,,,,,118,PBU Final Exam,15,20,20,20,5,80,81,0,25
1956,,,,,118,PBU Final Exam,15,10,35,0,25,85,76,0,26.562
1957,,,,,118,PBU Final Exam,37,25,35,20,10,127,37,0,39.688
1958,,,,,118,PBU Final Exam,30,25,20,20,10,105,57,0,32.812
1959,,,,,118,PBU Final Exam,40,0,35,25,5,105,57,0,32.812
1960,,,,,118,PBU Final Exam,25,10,15,-15,10,45,113,0,14.062
1961,,,,,118,PBU Final Exam,5,0,40,10,5,60,100,0,18.75
1962,,,,,118,PBU Final Exam,5,20,40,5,5,75,85,0,23.438
1963,,,,,118,PBU Final Exam,10,25,25,30,0,90,71,0,28.125
1964,,,,,118,PBU Final Exam,15,-5,-5,5,15,25,132,0,7.812
1965,,,,,118,PBU Final Exam,40,35,25,35,10,145,24,0,45.312
1966,,,,,118,PBU Final Exam,35,-5,35,0,5,70,90,0,21.875
1967,,,,,118,PBU Final Exam,20,15,5,10,10,60,100,0,18.75
1968,,,,,118,PBU Final Exam,30,0,35,30,15,110,53,0,34.375
1969,,,,,118,PBU Final Exam,15,15,10,10,0,50,110,0,15.625
1970,,,,,118,PBU Final Exam,40,15,5,10,10,80,81,0,25
1971,,,,,118,PBU Final Exam,35,15,35,30,10,125,39,0,39.062
1972,,,,,118,PBU Final Exam,26,16,35,10,15,102,60,0,31.875
1973,,,,,118,PBU Final Exam,33,25,13,21,10,102,60,0,31.875
1975,,,,,118,PBU Final Exam,35,25,20,0,10,90,71,0,28.125
1976,,,,,118,PBU Final Exam,27,27,11,12,2,79,82,0,24.688
1977,,,,,118,PBU Final Exam,27,11,15,-5,5,53,107,0,16.562
1978,,,,,118,PBU Final Exam,25,15,36,-5,20,91,70,0,28.438
1979,,,,,118,PBU Final Exam,37,20,7,13,13,90,71,0,28.125
1980,,,,,118,PBU Final Exam,16,19,44,21,15,115,48,0,35.938
1982,,,,,118,PBU Final Exam,30,15,15,25,15,100,62,0,31.25
1983,,,,,118,PBU Final Exam,30,10,20,10,5,75,85,0,23.438
1984,,,,,118,PBU Final Exam,30,-10,0,5,-5,20,136,0,6.25
1987,,,,,118,PBU Final Exam,35,7,32,12,-4,82,79,0,25.625
1990,,,,,118,PBU Final Exam,0,10,10,-4,9,25,132,0,7.812
1992,,,,,118,PBU Final Exam,32,28,6,10,6,82,79,0,25.625
1993,,,,,118,PBU Final Exam,20,10,-5,20,15,60,100,0,18.75
1995,,,,,118,PBU Final Exam,30,10,30,20,5,95,66,0,29.688
1996,,,,,118,PBU Final Exam,0,25,5,0,10,40,118,0,12.5
1997,,,,,118,PBU Final Exam,30,5,10,5,0,50,110,0,15.625
1998,,,,,118,PBU Final Exam,5,5,25,5,5,45,113,0,14.062
1999,,,,,118,PBU Final Exam,10,30,45,5,10,100,62,0,31.25
2952,,,,,118,PBU Final Exam,15,10,-10,-10,5,10,145,0,3.125
2000,,,,,118,PBU Final Exam,35,5,10,25,15,90,71,0,28.125
2001,,,,,118,PBU Final Exam,5,10,0,-5,-5,5,149,0,1.562
2003,,,,,118,PBU Final Exam,20,10,35,-5,15,75,85,0,23.438
2007,,,,,118,PBU Final Exam,25,5,25,-5,25,75,85,0,23.438
2008,,,,,118,PBU Final Exam,30,10,5,-5,10,50,110,0,15.625
2009,,,,,118,PBU Final Exam,35,35,35,5,0,110,53,0,34.375
2010,,,,,118,PBU Final Exam,35,20,15,-5,5,70,90,0,21.875
2011,,,,,118,PBU Final Exam,25,10,5,0,5,45,113,0,14.062
2012,,,,,118,PBU Final Exam,40,0,15,10,20,85,76,0,26.562
2013,,,,,118,PBU Final Exam,40,31,17,25,0,113,50,0,35.312
2014,,,,,118,PBU Final Exam,35,60,45,25,6,171,9,0,53.438
2015,,,,,118,PBU Final Exam,40,30,30,25,10,135,30,0,42.188
2019,,,,,118,PBU Final Exam,25,15,15,10,5,70,90,0,21.875
2021,,,,,118,PBU Final Exam,30,15,30,0,15,90,71,0,28.125
2022,,,,,118,PBU Final Exam,25,30,20,15,15,105,57,0,32.812
2023,,,,,118,PBU Final Exam,-10,5,0,-10,0,-15,155,0,0
2024,,,,,118,PBU Final Exam,35,20,30,25,10,120,44,0,37.5
2025,,,,,118,PBU Final Exam,10,10,25,0,0,45,113,0,14.062
2027,,,,,118,PBU Final Exam,20,-5,25,5,25,70,90,0,21.875
2028,,,,,118,PBU Final Exam,20,-5,0,0,-5,10,145,0,3.125
2029,,,,,118,PBU Final Exam,20,5,20,-5,25,65,95,0,20.312
2030,,,,,118,PBU Final Exam,20,0,20,-5,25,60,100,0,18.75
2031,,,,,118,PBU Final Exam,30,25,20,15,15,105,57,0,32.812
2032,,,,,118,PBU Final Exam,20,-5,22,1,-5,33,125,0,10.312
2033,,,,,118,PBU Final Exam,25,0,20,15,5,65,95,0,20.312
2034,,,,,118,PBU Final Exam,25,20,30,20,10,105,57,0,32.812
2035,,,,,118,PBU Final Exam,29,24,20,14,2,89,72,0,27.812
2036,,,,,118,PBU Final Exam,40,0,20,5,-5,60,100,0,18.75
2037,,,,,118,PBU Final Exam,0,5,0,0,-10,-5,153,0,0
2038,,,,,118,PBU Final Exam,35,30,20,15,15,115,48,0,35.938
2039,,,,,118,PBU Final Exam,20,25,30,45,20,140,27,0,43.75
2040,,,,,118,PBU Final Exam,10,5,-5,11,0,21,135,0,6.562
2041,,,,,118,PBU Final Exam,10,15,20,5,0,50,110,0,15.625
2042,,,,,118,PBU Final Exam,20,25,6,5,5,61,99,0,19.062
2043,,,,,118,PBU Final Exam,20,7,18,-5,15,55,105,0,17.188
2044,,,,,118,PBU Final Exam,20,5,10,25,10,70,90,0,21.875
2045,,,,,118,PBU Final Exam,5,15,0,15,10,45,113,0,14.062
2046,,,,,118,PBU Final Exam,20,30,15,10,10,85,76,0,26.562
2047,,,,,118,PBU Final Exam,25,5,10,10,-5,45,113,0,14.062
2048,,,,,118,PBU Final Exam,30,35,16,22,7,110,53,0,34.375
2049,,,,,118,PBU Final Exam,20,10,45,20,5,100,62,0,31.25
2050,,,,,118,PBU Final Exam,36,27,46,30,12,151,20,0,47.188
2051,,,,,118,PBU Final Exam,35,5,1,10,5,56,104,0,17.5
2052,,,,,118,PBU Final Exam,25,30,0,0,10,65,95,0,20.312
2053,,,,,118,PBU Final Exam,5,5,25,20,0,55,105,0,17.188
2054,,,,,118,PBU Final Exam,11,15,35,10,25,96,65,0,30
2056,,,,,118,PBU Final Exam,45,40,25,30,2,142,26,0,44.375
2057,,,,,118,PBU Final Exam,21,20,3,17,-7,54,106,0,16.875
2058,,,,,118,PBU Final Exam,25,25,25,10,15,100,62,0,31.25
2059,,,,,118,PBU Final Exam,35,28,32,37,12,144,25,0,45
2060,,,,,118,PBU Final Exam,20,10,10,10,10,60,100,0,18.75
2061,,,,,118,PBU Final Exam,30,2,25,5,10,72,88,0,22.5
2063,,,,,118,PBU Final Exam,30,8,13,6,1,58,102,0,18.125
2066,,,,,118,PBU Final Exam,20,10,10,5,0,45,113,0,14.062
2067,,,,,118,PBU Final Exam,5,17,11,15,5,53,107,0,16.562
2068,,,,,118,PBU Final Exam,35,31,10,25,20,121,43,0,37.812
2069,,,,,118,PBU Final Exam,35,15,25,5,5,85,76,0,26.562
2070,,,,,118,PBU Final Exam,10,5,10,-5,10,30,128,0,9.375
2073,,,,,118,PBU Final Exam,38,30,6,26,21,121,43,0,37.812
2075,,,,,118,PBU Final Exam,35,-5,-5,0,5,30,128,0,9.375
2076,,,,,118,PBU Final Exam,35,25,10,30,10,110,53,0,34.375
2078,,,,,118,PBU Final Exam,35,20,10,35,10,110,53,0,34.375
2079,,,,,118,PBU Final Exam,20,5,15,5,15,60,100,0,18.75
2080,,,,,118,PBU Final Exam,15,25,20,0,15,75,85,0,23.438
2081,,,,,118,PBU Final Exam,30,15,30,30,0,105,57,0,32.812
2082,,,,,118,PBU Final Exam,10,-5,0,12,-4,13,143,0,4.062
2083,,,,,118,PBU Final Exam,15,10,10,-5,10,40,118,0,12.5
2084,,,,,118,PBU Final Exam,15,15,50,26,0,106,56,0,33.125
2085,,,,,118,PBU Final Exam,35,10,27,0,3,75,85,0,23.438
2086,,,,,118,PBU Final Exam,35,15,28,4,7,89,72,0,27.812
2088,,,,,118,PBU Final Exam,15,5,30,10,5,65,95,0,20.312
2090,,,,,118,PBU Final Exam,30,10,5,15,0,60,100,0,18.75
2091,,,,,118,PBU Final Exam,35,30,20,5,5,95,66,0,29.688
2092,,,,,118,PBU Final Exam,35,10,10,10,10,75,85,0,23.438
2093,,,,,118,PBU Final Exam,20,5,35,20,10,90,71,0,28.125
2094,,,,,118,PBU Final Exam,35,20,20,25,20,120,44,0,37.5
2095,,,,,118,PBU Final Exam,30,25,20,25,10,110,53,0,34.375
2096,,,,,118,PBU Final Exam,28,35,9,-1,13,84,77,0,26.25
2097,,,,,118,PBU Final Exam,40,30,45,20,5,140,27,0,43.75
2098,,,,,118,PBU Final Exam,30,4,34,21,-3,86,75,0,26.875
2099,,,,,118,PBU Final Exam,0,-5,5,5,10,15,141,0,4.688
2100,,,,,118,PBU Final Exam,35,0,40,25,10,110,53,0,34.375
2102,,,,,118,PBU Final Exam,20,2,-6,15,3,34,124,0,10.625
2104,,,,,118,PBU Final Exam,20,25,20,20,10,95,66,0,29.688
2105,,,,,118,PBU Final Exam,46,48,25,30,21,170,10,0,53.125
2106,,,,,118,PBU Final Exam,11,16,-7,8,-5,23,133,0,7.188
2107,,,,,118,PBU Final Exam,41,38,22,4,6,111,52,0,34.688
2108,,,,,118,PBU Final Exam,25,30,25,20,20,120,44,0,37.5
2109,,,,,118,PBU Final Exam,15,6,25,5,6,57,103,0,17.812
2110,,,,,118,PBU Final Exam,10,5,7,17,12,51,109,0,15.938
2111,,,,,118,PBU Final Exam,27,26,-3,20,7,77,83,0,24.062
2112,,,,,118,PBU Final Exam,35,32,15,10,10,102,60,0,31.875
2113,,,,,118,PBU Final Exam,51,32,36,16,19,154,19,0,48.125
2114,,,,,118,PBU Final Exam,25,0,10,0,-5,30,128,0,9.375
2116,,,,,118,PBU Final Exam,-10,10,10,10,10,30,128,0,9.375
2117,,,,,118,PBU Final Exam,35,0,25,5,0,65,95,0,20.312
2118,,,,,118,PBU Final Exam,40,0,16,10,5,71,89,0,22.188
2119,,,,,118,PBU Final Exam,25,20,20,10,10,85,76,0,26.562
2120,,,,,118,PBU Final Exam,-15,6,20,5,15,31,127,0,9.688
2122,,,,,118,PBU Final Exam,10,5,15,15,25,70,90,0,21.875
2123,,,,,118,PBU Final Exam,10,-10,25,10,5,40,118,0,12.5
2124,,,,,118,PBU Final Exam,-5,-4,5,-10,0,-14,154,0,0
2125,,,,,118,PBU Final Exam,15,15,32,2,7,71,89,0,22.188
2126,,,,,118,PBU Final Exam,31,16,20,35,10,112,51,0,35
2127,,,,,118,PBU Final Exam,25,12,8,12,11,68,92,0,21.25
2129,,,,,118,PBU Final Exam,35,1,0,-5,5,36,122,0,11.25
2130,,,,,118,PBU Final Exam,5,-5,15,10,-5,20,136,0,6.25
2131,,,,,118,PBU Final Exam,10,5,15,15,25,70,90,0,21.875
2132,,,,,118,PBU Final Exam,11,1,26,-1,5,42,116,0,13.125
2133,,,,,118,PBU Final Exam,20,5,15,5,15,60,100,0,18.75
2134,,,,,118,PBU Final Exam,31,35,40,30,20,156,17,0,48.75
2135,,,,,118,PBU Final Exam,-10,0,5,10,5,10,145,0,3.125
2136,,,,,118,PBU Final Exam,27,21,38,3,25,114,49,0,35.625
2137,,,,,118,PBU Final Exam,31,16,21,-5,-9,54,106,0,16.875
2138,,,,,118,PBU Final Exam,5,-5,20,-14,-10,-4,152,0,0
2139,,,,,118,PBU Final Exam,22,3,11,2,1,39,119,0,12.188
2141,,,,,118,PBU Final Exam,25,20,10,0,15,70,90,0,21.875
2142,,,,,118,PBU Final Exam,31,18,21,27,5,102,60,0,31.875
2143,,,,,118,PBU Final Exam,38,20,39,20,15,132,33,0,41.25
2144,,,,,118,PBU Final Exam,30,7,-10,24,10,61,99,0,19.062
2145,,,,,118,PBU Final Exam,5,5,5,5,5,25,132,0,7.812
2147,,,,,118,PBU Final Exam,25,35,25,-5,15,95,66,0,29.688
2148,,,,,118,PBU Final Exam,30,15,5,15,10,75,85,0,23.438
2149,,,,,118,PBU Final Exam,15,5,15,0,15,50,110,0,15.625
2150,,,,,118,PBU Final Exam,25,10,30,10,15,90,71,0,28.125
2151,,,,,118,PBU Final Exam,10,20,20,10,15,75,85,0,23.438
2152,,,,,118,PBU Final Exam,10,5,20,3,0,38,120,0,11.875
2153,,,,,118,PBU Final Exam,30,20,35,-5,5,85,76,0,26.562
2154,,,,,118,PBU Final Exam,15,7,-3,25,1,45,113,0,14.062
2155,,,,,118,PBU Final Exam,22,5,2,12,3,44,114,0,13.75
2156,,,,,118,PBU Final Exam,20,12,1,3,3,39,119,0,12.188
2157,,,,,118,PBU Final Exam,10,-10,-5,-5,-5,-15,155,0,0
2158,,,,,118,PBU Final Exam,5,4,11,-10,11,21,135,0,6.562
2159,,,,,118,PBU Final Exam,20,10,25,16,5,76,84,0,23.75
2160,,,,,118,PBU Final Exam,25,0,20,5,0,50,110,0,15.625
2162,,,,,118,PBU Final Exam,10,10,-5,5,10,30,128,0,9.375
2163,,,,,118,PBU Final Exam,35,15,15,5,-10,60,100,0,18.75
2164,,,,,118,PBU Final Exam,26,22,30,19,4,101,61,0,31.562
2166,,,,,118,PBU Final Exam,30,10,35,35,5,115,48,0,35.938
2167,,,,,118,PBU Final Exam,20,20,15,-5,5,55,105,0,17.188
2168,,,,,118,PBU Final Exam,20,10,20,-10,0,40,118,0,12.5
2169,,,,,118,PBU Final Exam,10,15,15,35,10,85,76,0,26.562
2170,,,,,118,PBU Final Exam,5,-10,11,-5,5,6,148,0,1.875
2171,,,,,118,PBU Final Exam,15,10,5,25,5,60,100,0,18.75
2172,,,,,118,PBU Final Exam,15,0,-5,-5,5,10,145,0,3.125
2173,,,,,118,PBU Final Exam,36,11,16,5,0,68,92,0,21.25
2174,,,,,118,PBU Final Exam,20,20,0,-5,10,45,113,0,14.062
2175,,,,,118,PBU Final Exam,35,22,41,8,22,128,36,0,40
2176,,,,,118,PBU Final Exam,30,10,0,0,-5,35,123,0,10.938
2177,,,,,118,PBU Final Exam,45,5,29,-5,11,85,76,0,26.562
2179,,,,,118,PBU Final Exam,20,23,25,5,22,95,66,0,29.688
2618,,,,,118,PBU Final Exam,30,35,20,36,5,126,38,0,39.375
2182,,,,,118,PBU Final Exam,20,6,0,5,20,51,109,0,15.938
2183,,,,,118,PBU Final Exam,16,17,40,13,15,101,61,0,31.562
2184,,,,,118,PBU Final Exam,25,0,10,0,0,35,123,0,10.938
2189,,,,,118,PBU Final Exam,30,15,20,20,30,115,48,0,35.938
2191,,,,,118,PBU Final Exam,25,5,0,0,15,45,113,0,14.062
2192,,,,,118,PBU Final Exam,36,32,24,14,2,108,54,0,33.75
2193,,,,,118,PBU Final Exam,15,1,5,0,-5,16,140,0,5
2194,,,,,118,PBU Final Exam,34,16,10,18,1,79,82,0,24.688
2195,,,,,118,PBU Final Exam,35,15,15,21,15,101,61,0,31.562
2196,,,,,118,PBU Final Exam,30,25,35,10,15,115,48,0,35.938
2197,,,,,118,PBU Final Exam,0,19,12,2,10,43,115,0,13.438
2199,,,,,118,PBU Final Exam,32,12,15,13,0,72,88,0,22.5
2200,,,,,118,PBU Final Exam,5,20,25,10,6,66,94,0,20.625
2201,,,,,118,PBU Final Exam,22,12,20,5,5,64,96,0,20
2202,,,,,118,PBU Final Exam,13,-6,31,0,2,40,118,0,12.5
2205,,,,,118,PBU Final Exam,30,25,35,6,15,111,52,0,34.688
2206,,,,,118,PBU Final Exam,15,0,5,8,7,35,123,0,10.938
2207,,,,,118,PBU Final Exam,42,18,23,22,6,111,52,0,34.688
2208,,,,,118,PBU Final Exam,17,-3,15,17,8,54,106,0,16.875
2209,,,,,118,PBU Final Exam,33,21,20,32,7,113,50,0,35.312
2210,,,,,118,PBU Final Exam,15,10,15,10,20,70,90,0,21.875
2211,,,,,118,PBU Final Exam,20,-6,13,0,2,29,129,0,9.062
2212,,,,,118,PBU Final Exam,30,-15,20,0,5,40,118,0,12.5
2213,,,,,118,PBU Final Exam,30,32,24,31,13,130,34,0,40.625
2214,,,,,118,PBU Final Exam,25,0,5,0,-5,25,132,0,7.812
2215,,,,,118,PBU Final Exam,10,-15,30,10,0,35,123,0,10.938
2216,,,,,118,PBU Final Exam,25,0,6,0,0,31,127,0,9.688
2217,,,,,118,PBU Final Exam,22,12,21,6,13,74,86,0,23.125
2218,,,,,118,PBU Final Exam,33,10,-5,1,4,43,115,0,13.438
2219,,,,,118,PBU Final Exam,20,-10,-4,5,20,31,127,0,9.688
2220,,,,,118,PBU Final Exam,23,18,10,17,15,83,78,0,25.938
2221,,,,,118,PBU Final Exam,40,5,25,10,20,100,62,0,31.25
2222,,,,,118,PBU Final Exam,35,16,15,-3,7,70,90,0,21.875
2223,,,,,118,PBU Final Exam,34,6,15,2,-5,52,108,0,16.25
2224,,,,,118,PBU Final Exam,29,10,22,8,20,89,72,0,27.812
2225,,,,,118,PBU Final Exam,45,10,5,15,5,80,81,0,25
2228,,,,,118,PBU Final Exam,20,5,20,5,10,60,100,0,18.75
2230,,,,,118,PBU Final Exam,15,5,35,-5,5,55,105,0,17.188
2231,,,,,118,PBU Final Exam,15,20,11,18,12,76,84,0,23.75
2232,,,,,118,PBU Final Exam,15,15,7,10,17,64,96,0,20
2233,,,,,118,PBU Final Exam,20,20,15,25,15,95,66,0,29.688
2234,,,,,118,PBU Final Exam,30,19,15,23,14,101,61,0,31.562
2235,,,,,118,PBU Final Exam,10,18,-4,5,3,32,126,0,10
2236,,,,,118,PBU Final Exam,15,5,-10,15,15,40,118,0,12.5
2238,,,,,118,PBU Final Exam,30,15,15,5,5,70,90,0,21.875
2239,,,,,118,PBU Final Exam,25,10,31,2,6,74,86,0,23.125
2240,,,,,118,PBU Final Exam,39,17,10,21,8,95,66,0,29.688
2243,,,,,118,PBU Final Exam,25,15,17,20,10,87,74,0,27.188
2244,,,,,118,PBU Final Exam,40,21,31,10,16,118,46,0,36.875
2246,,,,,118,PBU Final Exam,25,20,25,15,10,95,66,0,29.688
2247,,,,,118,PBU Final Exam,10,2,11,5,16,44,114,0,13.75
2248,,,,,118,PBU Final Exam,40,4,9,1,9,63,97,0,19.688
2249,,,,,118,PBU Final Exam,10,15,13,-5,1,34,124,0,10.625
2250,,,,,118,PBU Final Exam,30,11,20,0,15,76,84,0,23.75
2251,,,,,118,PBU Final Exam,20,5,20,20,5,70,90,0,21.875
2256,,,,,118,PBU Final Exam,20,10,20,20,5,75,85,0,23.438
2258,,,,,118,PBU Final Exam,30,4,15,8,0,57,103,0,17.812
2259,,,,,118,PBU Final Exam,25,25,30,25,5,110,53,0,34.375
2261,,,,,118,PBU Final Exam,22,27,41,10,1,101,61,0,31.562
2262,,,,,118,PBU Final Exam,25,5,30,22,10,92,69,0,28.75
2263,,,,,118,PBU Final Exam,25,20,20,15,-5,75,85,0,23.438
2264,,,,,118,PBU Final Exam,40,21,49,10,16,136,29,0,42.5
2265,,,,,118,PBU Final Exam,25,-10,15,30,0,60,100,0,18.75
2266,,,,,118,PBU Final Exam,30,30,15,5,10,90,71,0,28.125
2268,,,,,118,PBU Final Exam,26,9,-6,-7,0,22,134,0,6.875
2269,,,,,118,PBU Final Exam,11,-15,30,-10,5,21,135,0,6.562
2270,,,,,118,PBU Final Exam,30,21,14,21,7,93,68,0,29.062
2272,,,,,118,PBU Final Exam,0,5,-5,5,5,10,145,0,3.125
2273,,,,,118,PBU Final Exam,40,21,31,6,16,114,49,0,35.625
2274,,,,,118,PBU Final Exam,25,20,30,11,17,103,59,0,32.188
2275,,,,,118,PBU Final Exam,46,11,35,5,10,107,55,0,33.438
2276,,,,,118,PBU Final Exam,35,10,15,7,3,70,90,0,21.875
2277,,,,,118,PBU Final Exam,40,30,55,15,15,155,18,0,48.438
2278,,,,,118,PBU Final Exam,30,25,37,13,0,105,57,0,32.812
2279,,,,,118,PBU Final Exam,35,12,46,15,10,118,46,0,36.875
2280,,,,,118,PBU Final Exam,15,15,-5,10,0,35,123,0,10.938
2281,,,,,118,PBU Final Exam,35,25,40,15,10,125,39,0,39.062
2282,,,,,118,PBU Final Exam,25,15,30,11,10,91,70,0,28.438
2283,,,,,118,PBU Final Exam,21,-5,15,-5,1,27,130,0,8.438
2284,,,,,118,PBU Final Exam,29,16,21,15,5,86,75,0,26.875
2285,,,,,118,PBU Final Exam,21,18,4,4,8,55,105,0,17.188
2286,,,,,118,PBU Final Exam,30,15,26,0,0,71,89,0,22.188
2287,,,,,118,PBU Final Exam,15,35,41,5,2,98,63,0,30.625
2288,,,,,118,PBU Final Exam,40,0,20,15,10,85,76,0,26.562
2289,,,,,118,PBU Final Exam,-5,0,-5,0,10,0,151,0,0
2290,,,,,118,PBU Final Exam,35,0,15,15,15,80,81,0,25
2291,,,,,118,PBU Final Exam,36,0,36,30,8,110,53,0,34.375
2292,,,,,118,PBU Final Exam,15,15,30,15,5,80,81,0,25
2293,,,,,118,PBU Final Exam,30,20,25,5,0,80,81,0,25
2294,,,,,118,PBU Final Exam,35,15,35,-5,10,90,71,0,28.125
2295,,,,,118,PBU Final Exam,10,16,0,-5,5,26,131,0,8.125
2297,,,,,118,PBU Final Exam,10,20,35,-5,15,75,85,0,23.438
2298,,,,,118,PBU Final Exam,30,0,35,15,25,105,57,0,32.812
2299,,,,,118,PBU Final Exam,15,20,15,10,15,75,85,0,23.438
2303,,,,,118,PBU Final Exam,30,27,-9,-5,10,53,107,0,16.562
2305,,,,,118,PBU Final Exam,20,0,45,15,30,110,53,0,34.375
2308,,,,,118,PBU Final Exam,45,10,15,20,10,100,62,0,31.25
2316,,,,,118,PBU Final Exam,15,15,0,-4,20,46,112,0,14.375
2319,,,,,118,PBU Final Exam,15,25,35,15,10,100,62,0,31.25
2320,,,,,118,PBU Final Exam,15,3,20,-5,-10,23,133,0,7.188
2322,,,,,118,PBU Final Exam,15,10,15,-5,0,35,123,0,10.938
2325,,,,,118,PBU Final Exam,33,18,21,33,1,106,56,0,33.125
2327,,,,,118,PBU Final Exam,30,30,15,40,15,130,34,0,40.625
2329,,,,,118,PBU Final Exam,22,15,7,11,10,65,95,0,20.312
2335,,,,,118,PBU Final Exam,22,25,21,12,4,84,77,0,26.25
2336,,,,,118,PBU Final Exam,24,-10,-8,12,-4,14,142,0,4.375
2338,,,,,118,PBU Final Exam,23,25,19,15,7,89,72,0,27.812
2339,,,,,118,PBU Final Exam,10,19,41,11,1,82,79,0,25.625
2340,,,,,118,PBU Final Exam,10,11,-10,1,-5,7,147,0,2.188
2341,,,,,118,PBU Final Exam,20,20,40,5,-5,80,81,0,25
2342,,,,,118,PBU Final Exam,35,6,15,5,6,67,93,0,20.938
2343,,,,,118,PBU Final Exam,5,15,0,15,0,35,123,0,10.938
2344,,,,,118,PBU Final Exam,30,25,30,20,5,110,53,0,34.375
2345,,,,,118,PBU Final Exam,7,-3,10,-5,0,9,146,0,2.812
2346,,,,,118,PBU Final Exam,20,-5,10,11,16,52,108,0,16.25
2347,,,,,118,PBU Final Exam,30,17,19,5,15,86,75,0,26.875
2348,,,,,118,PBU Final Exam,20,20,25,-5,15,75,85,0,23.438
2349,,,,,118,PBU Final Exam,45,10,10,5,15,85,76,0,26.562
2350,,,,,118,PBU Final Exam,15,5,10,15,20,65,95,0,20.312
2351,,,,,118,PBU Final Exam,26,15,25,15,15,96,65,0,30
2352,,,,,118,PBU Final Exam,15,16,20,-10,25,66,94,0,20.625
2353,,,,,118,PBU Final Exam,35,15,40,10,10,110,53,0,34.375
2354,,,,,118,PBU Final Exam,10,10,0,-10,20,30,128,0,9.375
2357,,,,,118,PBU Final Exam,33,19,13,20,5,90,71,0,28.125
2359,,,,,118,PBU Final Exam,40,35,27,30,16,148,22,0,46.25
2372,,,,,118,PBU Final Exam,35,15,5,15,15,85,76,0,26.562
2373,,,,,118,PBU Final Exam,40,30,15,25,15,125,39,0,39.062
2374,,,,,118,PBU Final Exam,40,10,10,5,5,70,90,0,21.875
2375,,,,,118,PBU Final Exam,35,25,30,10,5,105,57,0,32.812
2376,,,,,118,PBU Final Exam,31,8,17,35,11,102,60,0,31.875
2377,,,,,118,PBU Final Exam,30,10,10,12,5,67,93,0,20.938
2378,,,,,118,PBU Final Exam,25,10,25,0,5,65,95,0,20.312
2379,,,,,118,PBU Final Exam,40,10,25,20,5,100,62,0,31.25
2380,,,,,118,PBU Final Exam,25,20,20,10,10,85,76,0,26.562
2381,,,,,118,PBU Final Exam,25,9,42,40,10,126,38,0,39.375
2383,,,,,118,PBU Final Exam,30,10,5,5,5,55,105,0,17.188
2384,,,,,118,PBU Final Exam,40,25,50,0,5,120,44,0,37.5
2385,,,,,118,PBU Final Exam,31,13,-2,-5,5,42,116,0,13.125
2386,,,,,118,PBU Final Exam,20,1,10,5,0,36,122,0,11.25
2387,,,,,118,PBU Final Exam,5,15,30,0,20,70,90,0,21.875
2388,,,,,118,PBU Final Exam,25,20,40,15,5,105,57,0,32.812
2389,,,,,118,PBU Final Exam,20,-5,0,30,5,50,110,0,15.625
2390,,,,,118,PBU Final Exam,15,0,30,10,5,60,100,0,18.75
2392,,,,,118,PBU Final Exam,20,0,0,0,0,20,136,0,6.25
2393,,,,,118,PBU Final Exam,30,15,31,20,20,116,47,0,36.25
2394,,,,,118,PBU Final Exam,20,-5,0,15,10,40,118,0,12.5
2399,,,,,118,PBU Final Exam,15,15,15,15,0,60,100,0,18.75
2401,,,,,118,PBU Final Exam,35,20,40,20,10,125,39,0,39.062
2402,,,,,118,PBU Final Exam,30,10,10,15,5,70,90,0,21.875
2403,,,,,118,PBU Final Exam,15,5,10,5,5,40,118,0,12.5
2404,,,,,118,PBU Final Exam,30,15,-5,0,25,65,95,0,20.312
2410,,,,,118,PBU Final Exam,35,20,35,10,10,110,53,0,34.375
2413,,,,,118,PBU Final Exam,20,0,25,20,15,80,81,0,25
2415,,,,,118,PBU Final Exam,9,16,31,2,0,58,102,0,18.125
2417,,,,,118,PBU Final Exam,30,20,35,20,15,120,44,0,37.5
2418,,,,,118,PBU Final Exam,30,16,16,10,15,87,74,0,27.188
2419,,,,,118,PBU Final Exam,35,25,30,0,10,100,62,0,31.25
2420,,,,,118,PBU Final Exam,20,20,25,10,15,90,71,0,28.125
2421,,,,,118,PBU Final Exam,40,15,25,5,10,95,66,0,29.688
2422,,,,,118,PBU Final Exam,30,10,25,3,15,83,78,0,25.938
2423,,,,,118,PBU Final Exam,35,20,35,10,10,110,53,0,34.375
2425,,,,,118,PBU Final Exam,30,20,30,10,10,100,62,0,31.25
2426,,,,,118,PBU Final Exam,25,41,60,5,30,161,15,0,50.312
2429,,,,,118,PBU Final Exam,35,0,30,30,15,110,53,0,34.375
2431,,,,,118,PBU Final Exam,35,16,19,12,11,93,68,0,29.062
2433,,,,,118,PBU Final Exam,25,20,0,10,0,55,105,0,17.188
2434,,,,,118,PBU Final Exam,30,25,35,20,15,125,39,0,39.062
2435,,,,,118,PBU Final Exam,13,25,25,22,16,101,61,0,31.562
2436,,,,,118,PBU Final Exam,20,10,30,10,10,80,81,0,25
2437,,,,,118,PBU Final Exam,15,10,20,10,25,80,81,0,25
2438,,,,,118,PBU Final Exam,20,5,17,6,11,59,101,0,18.438
2440,,,,,118,PBU Final Exam,35,20,20,25,0,100,62,0,31.25
2442,,,,,118,PBU Final Exam,30,25,0,-5,5,55,105,0,17.188
2443,,,,,118,PBU Final Exam,38,22,19,6,10,95,66,0,29.688
2444,,,,,118,PBU Final Exam,32,20,8,3,2,65,95,0,20.312
2445,,,,,118,PBU Final Exam,41,6,3,8,12,70,90,0,21.875
2446,,,,,118,PBU Final Exam,26,11,18,0,1,56,104,0,17.5
2447,,,,,118,PBU Final Exam,28,26,6,22,9,91,70,0,28.438
2449,,,,,118,PBU Final Exam,10,30,10,0,0,50,110,0,15.625
2450,,,,,118,PBU Final Exam,30,5,10,5,5,55,105,0,17.188
2451,,,,,118,PBU Final Exam,36,4,20,12,11,83,78,0,25.938
2453,,,,,118,PBU Final Exam,12,3,0,15,10,40,118,0,12.5
2454,,,,,118,PBU Final Exam,40,10,15,15,5,85,76,0,26.562
2455,,,,,118,PBU Final Exam,21,10,34,7,5,77,83,0,24.062
2456,,,,,118,PBU Final Exam,21,0,-5,-5,0,11,144,0,3.438
2457,,,,,118,PBU Final Exam,41,0,8,16,7,72,88,0,22.5
2459,,,,,118,PBU Final Exam,28,24,6,20,18,96,65,0,30
2460,,,,,118,PBU Final Exam,25,-5,15,10,5,50,110,0,15.625
2461,,,,,118,PBU Final Exam,15,15,15,5,5,55,105,0,17.188
2463,,,,,118,PBU Final Exam,15,5,5,10,0,35,123,0,10.938
2464,,,,,118,PBU Final Exam,26,18,11,12,3,70,90,0,21.875
2465,,,,,118,PBU Final Exam,35,15,20,5,15,90,71,0,28.125
2466,,,,,118,PBU Final Exam,10,21,35,10,-5,71,89,0,22.188
2467,,,,,118,PBU Final Exam,0,4,7,7,5,23,133,0,7.188
2468,,,,,118,PBU Final Exam,16,3,-5,10,-1,23,133,0,7.188
2469,,,,,118,PBU Final Exam,21,9,13,11,6,60,100,0,18.75
2470,,,,,118,PBU Final Exam,6,5,5,-9,15,22,134,0,6.875
2471,,,,,118,PBU Final Exam,25,10,30,-5,-5,55,105,0,17.188
2472,,,,,118,PBU Final Exam,5,-5,13,3,15,31,127,0,9.688
2473,,,,,118,PBU Final Exam,24,25,7,5,7,68,92,0,21.25
2474,,,,,118,PBU Final Exam,10,14,8,-4,2,30,128,0,9.375
2475,,,,,118,PBU Final Exam,35,15,26,9,11,96,65,0,30
2476,,,,,118,PBU Final Exam,26,5,0,5,5,41,117,0,12.812
2477,,,,,118,PBU Final Exam,20,5,21,-5,15,56,104,0,17.5
2478,,,,,118,PBU Final Exam,0,20,15,5,10,50,110,0,15.625
2479,,,,,118,PBU Final Exam,20,15,20,25,15,95,66,0,29.688
2480,,,,,118,PBU Final Exam,20,20,15,20,5,80,81,0,25
2481,,,,,118,PBU Final Exam,30,20,20,15,15,100,62,0,31.25
2482,,,,,118,PBU Final Exam,0,5,15,5,5,30,128,0,9.375
2483,,,,,118,PBU Final Exam,20,5,40,10,20,95,66,0,29.688
2484,,,,,118,PBU Final Exam,15,5,25,5,5,55,105,0,17.188
2485,,,,,118,PBU Final Exam,25,25,25,5,0,80,81,0,25
2486,,,,,118,PBU Final Exam,25,30,5,0,15,75,85,0,23.438
2487,,,,,118,PBU Final Exam,30,10,25,20,20,105,57,0,32.812
2488,,,,,118,PBU Final Exam,0,15,0,0,-5,10,145,0,3.125
2489,,,,,118,PBU Final Exam,10,15,15,20,10,70,90,0,21.875
2492,,,,,118,PBU Final Exam,20,20,30,15,15,100,62,0,31.25
2494,,,,,118,PBU Final Exam,40,20,20,25,5,110,53,0,34.375
2495,,,,,118,PBU Final Exam,25,15,25,20,5,90,71,0,28.125
2496,,,,,118,PBU Final Exam,15,-5,-10,-5,5,0,151,0,0
2497,,,,,118,PBU Final Exam,25,-5,10,20,-10,40,118,0,12.5
2498,,,,,118,PBU Final Exam,20,0,10,5,5,40,118,0,12.5
2499,,,,,118,PBU Final Exam,30,10,10,26,10,86,75,0,26.875
2500,,,,,118,PBU Final Exam,30,40,5,25,5,105,57,0,32.812
2501,,,,,118,PBU Final Exam,25,10,10,30,5,80,81,0,25
2502,,,,,118,PBU Final Exam,20,20,30,25,10,105,57,0,32.812
2503,,,,,118,PBU Final Exam,16,11,0,20,0,47,111,0,14.688
2504,,,,,118,PBU Final Exam,20,40,20,0,10,90,71,0,28.125
2505,,,,,118,PBU Final Exam,35,25,10,10,15,95,66,0,29.688
2506,,,,,118,PBU Final Exam,10,20,10,20,0,60,100,0,18.75
2507,,,,,118,PBU Final Exam,25,10,15,15,5,70,90,0,21.875
2508,,,,,118,PBU Final Exam,35,15,21,25,10,106,56,0,33.125
2509,,,,,118,PBU Final Exam,40,25,25,15,5,110,53,0,34.375
2510,,,,,118,PBU Final Exam,26,0,1,0,5,32,126,0,10
2511,,,,,118,PBU Final Exam,25,0,10,5,5,45,113,0,14.062
2512,,,,,118,PBU Final Exam,15,15,15,10,0,55,105,0,17.188
2514,,,,,118,PBU Final Exam,10,6,5,5,5,31,127,0,9.688
2516,,,,,118,PBU Final Exam,30,36,26,21,10,123,41,0,38.438
2517,,,,,118,PBU Final Exam,25,15,20,-5,5,60,100,0,18.75
2518,,,,,118,PBU Final Exam,20,15,20,5,-10,50,110,0,15.625
2519,,,,,118,PBU Final Exam,17,15,27,25,11,95,66,0,29.688
2520,,,,,118,PBU Final Exam,30,5,15,10,5,65,95,0,20.312
2521,,,,,118,PBU Final Exam,25,20,11,5,10,71,89,0,22.188
2522,,,,,118,PBU Final Exam,20,10,30,10,15,85,76,0,26.562
2524,,,,,118,PBU Final Exam,1,25,15,15,10,66,94,0,20.625
2525,,,,,118,PBU Final Exam,15,10,-5,-5,10,25,132,0,7.812
2526,,,,,118,PBU Final Exam,-10,-5,5,15,15,20,136,0,6.25
2527,,,,,118,PBU Final Exam,20,10,-5,30,6,61,99,0,19.062
2528,,,,,118,PBU Final Exam,25,15,40,10,0,90,71,0,28.125
2529,,,,,118,PBU Final Exam,5,15,0,-10,15,25,132,0,7.812
2530,,,,,118,PBU Final Exam,5,10,5,10,0,30,128,0,9.375
2531,,,,,118,PBU Final Exam,30,20,20,10,5,85,76,0,26.562
2533,,,,,118,PBU Final Exam,40,10,20,15,10,95,66,0,29.688
2534,,,,,118,PBU Final Exam,25,15,15,0,5,60,100,0,18.75
2535,,,,,118,PBU Final Exam,25,5,15,5,5,55,105,0,17.188
2539,,,,,118,PBU Final Exam,20,20,20,-15,10,55,105,0,17.188
2540,,,,,118,PBU Final Exam,10,10,10,10,11,51,109,0,15.938
2541,,,,,118,PBU Final Exam,21,25,15,8,-8,61,99,0,19.062
2542,,,,,118,PBU Final Exam,20,30,35,25,5,115,48,0,35.938
2544,,,,,118,PBU Final Exam,30,40,40,40,-5,145,24,0,45.312
2545,,,,,118,PBU Final Exam,5,5,25,4,16,55,105,0,17.188
2546,,,,,118,PBU Final Exam,40,5,15,-5,0,55,105,0,17.188
2547,,,,,118,PBU Final Exam,15,20,50,25,15,125,39,0,39.062
2548,,,,,118,PBU Final Exam,35,5,30,25,10,105,57,0,32.812
2549,,,,,118,PBU Final Exam,10,15,15,10,25,75,85,0,23.438
2551,,,,,118,PBU Final Exam,32,35,30,24,12,133,32,0,41.562
2553,,,,,118,PBU Final Exam,40,10,15,10,0,75,85,0,23.438
2554,,,,,118,PBU Final Exam,25,-10,-5,5,10,25,132,0,7.812
2556,,,,,118,PBU Final Exam,11,20,50,11,12,104,58,0,32.5
2558,,,,,118,PBU Final Exam,24,-4,1,1,-3,19,137,0,5.938
2559,,,,,118,PBU Final Exam,24,2,21,16,10,73,87,0,22.812
2560,,,,,118,PBU Final Exam,15,20,35,-5,5,70,90,0,21.875
2561,,,,,118,PBU Final Exam,20,20,15,5,20,80,81,0,25
2563,,,,,118,PBU Final Exam,35,15,25,10,10,95,66,0,29.688
2565,,,,,118,PBU Final Exam,11,8,0,3,-5,17,139,0,5.312
2566,,,,,118,PBU Final Exam,30,20,30,25,0,105,57,0,32.812
2567,,,,,118,PBU Final Exam,34,6,-2,9,10,57,103,0,17.812
2568,,,,,118,PBU Final Exam,20,15,6,-5,10,46,112,0,14.375
2569,,,,,118,PBU Final Exam,10,-10,10,5,5,20,136,0,6.25
2570,,,,,118,PBU Final Exam,10,18,13,-1,5,45,113,0,14.062
2571,,,,,118,PBU Final Exam,20,11,7,11,11,60,100,0,18.75
2572,,,,,118,PBU Final Exam,40,26,22,31,0,119,45,0,37.188
2574,,,,,118,PBU Final Exam,25,20,20,15,-5,75,85,0,23.438
2575,,,,,118,PBU Final Exam,10,-4,15,-10,0,11,144,0,3.438
2576,,,,,118,PBU Final Exam,40,34,43,35,7,159,16,0,49.688
2577,,,,,118,PBU Final Exam,15,20,25,-5,0,55,105,0,17.188
2579,,,,,118,PBU Final Exam,25,5,15,5,-5,45,113,0,14.062
2581,,,,,118,PBU Final Exam,5,15,0,5,10,35,123,0,10.938
2582,,,,,118,PBU Final Exam,20,20,-5,11,5,51,109,0,15.938
2583,,,,,118,PBU Final Exam,35,15,5,-5,15,65,95,0,20.312
2584,,,,,118,PBU Final Exam,25,5,45,25,0,100,62,0,31.25
2585,,,,,118,PBU Final Exam,30,35,35,32,12,144,25,0,45
2586,,,,,118,PBU Final Exam,10,5,-5,5,0,15,141,0,4.688
2587,,,,,118,PBU Final Exam,20,5,15,10,25,75,85,0,23.438
2589,,,,,118,PBU Final Exam,30,36,26,21,10,123,41,0,38.438
2590,,,,,118,PBU Final Exam,40,20,20,10,5,95,66,0,29.688
2591,,,,,118,PBU Final Exam,30,8,14,0,3,55,105,0,17.188
2592,,,,,118,PBU Final Exam,40,20,25,10,5,100,62,0,31.25
2593,,,,,118,PBU Final Exam,20,15,15,11,20,81,80,0,25.312
2594,,,,,118,PBU Final Exam,27,9,30,-2,9,73,87,0,22.812
2595,,,,,118,PBU Final Exam,25,20,16,9,1,71,89,0,22.188
2596,,,,,118,PBU Final Exam,40,25,10,11,15,101,61,0,31.562
2597,,,,,118,PBU Final Exam,45,30,35,30,0,140,27,0,43.75
2598,,,,,118,PBU Final Exam,10,20,15,15,15,75,85,0,23.438
2599,,,,,118,PBU Final Exam,10,10,5,5,-5,25,132,0,7.812
2600,,,,,118,PBU Final Exam,35,10,10,6,0,61,99,0,19.062
2601,,,,,118,PBU Final Exam,35,20,25,25,15,120,44,0,37.5
2602,,,,,118,PBU Final Exam,10,10,15,0,5,40,118,0,12.5
2603,,,,,118,PBU Final Exam,5,20,5,0,0,30,128,0,9.375
2604,,,,,118,PBU Final Exam,30,10,15,25,10,90,71,0,28.125
2605,,,,,118,PBU Final Exam,10,10,6,0,10,36,122,0,11.25
2606,,,,,118,PBU Final Exam,26,39,30,21,10,126,38,0,39.375
2607,,,,,118,PBU Final Exam,2,-4,18,5,0,21,135,0,6.562
2608,,,,,118,PBU Final Exam,25,26,22,30,0,103,59,0,32.188
2609,,,,,118,PBU Final Exam,-5,-5,-5,15,5,5,149,0,1.562
2610,,,,,118,PBU Final Exam,15,30,30,35,-5,105,57,0,32.812
2611,,,,,118,PBU Final Exam,25,46,35,36,0,142,26,0,44.375
2612,,,,,118,PBU Final Exam,10,10,-2,-5,5,18,138,0,5.625
2613,,,,,118,PBU Final Exam,25,22,19,8,18,92,69,0,28.75
2614,,,,,118,PBU Final Exam,10,10,6,0,7,33,125,0,10.312
2615,,,,,118,PBU Final Exam,30,50,30,40,0,150,21,0,46.875
2616,,,,,118,PBU Final Exam,5,10,0,15,-5,25,132,0,7.812
2617,,,,,118,PBU Final Exam,30,30,30,21,10,121,43,0,37.812
2619,,,,,118,PBU Final Exam,20,41,40,18,5,124,40,0,38.75
2620,,,,,118,PBU Final Exam,15,25,5,0,5,50,110,0,15.625
2621,,,,,118,PBU Final Exam,24,11,7,11,1,54,106,0,16.875
2622,,,,,118,PBU Final Exam,25,20,10,0,10,65,95,0,20.312
2623,,,,,118,PBU Final Exam,31,2,25,15,6,79,82,0,24.688
2624,,,,,118,PBU Final Exam,30,0,5,5,0,40,118,0,12.5
2625,,,,,118,PBU Final Exam,25,32,31,24,16,128,36,0,40
2626,,,,,118,PBU Final Exam,5,15,0,10,10,40,118,0,12.5
2627,,,,,118,PBU Final Exam,20,40,26,20,12,118,46,0,36.875
2628,,,,,118,PBU Final Exam,15,10,25,20,0,70,90,0,21.875
2629,,,,,118,PBU Final Exam,26,0,25,0,10,61,99,0,19.062
2630,,,,,118,PBU Final Exam,35,20,6,10,11,82,79,0,25.625
2631,,,,,118,PBU Final Exam,30,27,37,16,4,114,49,0,35.625
2633,,,,,118,PBU Final Exam,25,0,30,25,5,85,76,0,26.562
2634,,,,,118,PBU Final Exam,30,14,18,13,9,84,77,0,26.25
2635,,,,,118,PBU Final Exam,30,10,30,5,0,75,85,0,23.438
2636,,,,,118,PBU Final Exam,26,-2,19,6,12,61,99,0,19.062
2637,,,,,118,PBU Final Exam,37,12,31,6,4,90,71,0,28.125
2638,,,,,118,PBU Final Exam,5,5,15,20,15,60,100,0,18.75
2639,,,,,118,PBU Final Exam,25,15,5,20,10,75,85,0,23.438
2640,,,,,118,PBU Final Exam,18,9,14,2,13,56,104,0,17.5
2641,,,,,118,PBU Final Exam,20,25,20,20,0,85,76,0,26.562
2644,,,,,118,PBU Final Exam,35,0,25,5,10,75,85,0,23.438
2645,,,,,118,PBU Final Exam,40,35,15,16,10,116,47,0,36.25
2647,,,,,118,PBU Final Exam,30,10,25,20,10,95,66,0,29.688
2651,,,,,118,PBU Final Exam,30,5,5,10,10,60,100,0,18.75
2652,,,,,118,PBU Final Exam,20,10,12,5,7,54,106,0,16.875
2653,,,,,118,PBU Final Exam,41,31,29,5,4,110,53,0,34.375
2654,,,,,118,PBU Final Exam,40,70,60,30,25,225,2,0,70.312
2656,,,,,118,PBU Final Exam,18,2,9,1,6,36,122,0,11.25
2657,,,,,118,PBU Final Exam,30,25,20,25,20,120,44,0,37.5
2658,,,,,118,PBU Final Exam,25,24,25,36,-5,105,57,0,32.812
2659,,,,,118,PBU Final Exam,30,15,16,11,0,72,88,0,22.5
2660,,,,,118,PBU Final Exam,20,25,30,10,0,85,76,0,26.562
2661,,,,,118,PBU Final Exam,25,14,12,2,5,58,102,0,18.125
2662,,,,,118,PBU Final Exam,25,0,5,25,15,70,90,0,21.875
2663,,,,,118,PBU Final Exam,15,-10,1,15,-5,16,140,0,5
2664,,,,,118,PBU Final Exam,35,25,35,35,10,140,27,0,43.75
2665,,,,,118,PBU Final Exam,10,10,15,5,15,55,105,0,17.188
2666,,,,,118,PBU Final Exam,30,5,25,10,0,70,90,0,21.875
2667,,,,,118,PBU Final Exam,20,10,25,5,5,65,95,0,20.312
2668,,,,,118,PBU Final Exam,10,0,15,10,15,50,110,0,15.625
2669,,,,,118,PBU Final Exam,28,30,20,25,11,114,49,0,35.625
2670,,,,,118,PBU Final Exam,10,18,33,7,5,73,87,0,22.812
2671,,,,,118,PBU Final Exam,15,10,30,15,6,76,84,0,23.75
2672,,,,,118,PBU Final Exam,30,32,24,29,12,127,37,0,39.688
2674,,,,,118,PBU Final Exam,25,7,26,12,7,77,83,0,24.062
2675,,,,,118,PBU Final Exam,25,20,25,5,10,85,76,0,26.562
2676,,,,,118,PBU Final Exam,30,30,45,20,15,140,27,0,43.75
2677,,,,,118,PBU Final Exam,30,18,41,31,-4,116,47,0,36.25
2678,,,,,118,PBU Final Exam,25,30,-10,5,10,60,100,0,18.75
2679,,,,,118,PBU Final Exam,25,40,35,22,20,142,26,0,44.375
2680,,,,,118,PBU Final Exam,20,30,20,25,10,105,57,0,32.812
2682,,,,,118,PBU Final Exam,20,25,5,30,10,90,71,0,28.125
2683,,,,,118,PBU Final Exam,41,23,22,35,8,129,35,0,40.312
2684,,,,,118,PBU Final Exam,15,15,25,10,10,75,85,0,23.438
2685,,,,,118,PBU Final Exam,25,26,35,36,16,138,28,0,43.125
2686,,,,,118,PBU Final Exam,25,20,35,20,20,120,44,0,37.5
2688,,,,,118,PBU Final Exam,10,5,0,5,15,35,123,0,10.938
2689,,,,,118,PBU Final Exam,30,20,22,25,17,114,49,0,35.625
2690,,,,,118,PBU Final Exam,30,0,25,5,10,70,90,0,21.875
2691,,,,,118,PBU Final Exam,16,4,9,5,-3,31,127,0,9.688
2692,,,,,118,PBU Final Exam,26,37,33,16,12,124,40,0,38.75
2693,,,,,118,PBU Final Exam,35,25,15,10,10,95,66,0,29.688
2694,,,,,118,PBU Final Exam,30,-5,-5,0,5,25,132,0,7.812
2695,,,,,118,PBU Final Exam,27,22,21,20,11,101,61,0,31.562
2696,,,,,118,PBU Final Exam,10,0,25,10,15,60,100,0,18.75
2697,,,,,118,PBU Final Exam,25,20,10,5,5,65,95,0,20.312
2698,,,,,118,PBU Final Exam,17,17,15,14,9,72,88,0,22.5
2699,,,,,118,PBU Final Exam,20,10,20,15,0,65,95,0,20.312
2700,,,,,118,PBU Final Exam,5,20,10,5,-5,35,123,0,10.938
2701,,,,,118,PBU Final Exam,30,35,26,31,12,134,31,0,41.875
2702,,,,,118,PBU Final Exam,25,5,20,10,10,70,90,0,21.875
2703,,,,,118,PBU Final Exam,20,15,30,0,15,80,81,0,25
2704,,,,,118,PBU Final Exam,25,-10,25,0,15,55,105,0,17.188
2706,,,,,118,PBU Final Exam,20,10,30,-5,20,75,85,0,23.438
2709,,,,,118,PBU Final Exam,20,15,20,15,10,80,81,0,25
2710,,,,,118,PBU Final Exam,26,11,20,0,20,77,83,0,24.062
2711,,,,,118,PBU Final Exam,30,13,20,26,-5,84,77,0,26.25
2712,,,,,118,PBU Final Exam,30,45,15,10,15,115,48,0,35.938
2714,,,,,118,PBU Final Exam,25,17,20,26,-5,83,78,0,25.938
2716,,,,,118,PBU Final Exam,15,5,40,25,20,105,57,0,32.812
2718,,,,,118,PBU Final Exam,35,10,25,40,-5,105,57,0,32.812
2719,,,,,118,PBU Final Exam,20,20,20,0,20,80,81,0,25
2720,,,,,118,PBU Final Exam,20,35,20,10,10,95,66,0,29.688
2721,,,,,118,PBU Final Exam,25,40,20,30,-5,110,53,0,34.375
2726,,,,,118,PBU Final Exam,15,16,40,5,5,81,80,0,25.312
2727,,,,,118,PBU Final Exam,35,15,35,0,10,95,66,0,29.688
2728,,,,,118,PBU Final Exam,20,-5,40,15,20,90,71,0,28.125
2730,,,,,118,PBU Final Exam,0,0,5,0,0,5,149,0,1.562
2733,,,,,118,PBU Final Exam,15,15,25,15,20,90,71,0,28.125
2734,,,,,118,PBU Final Exam,15,0,10,20,20,65,95,0,20.312
2735,,,,,118,PBU Final Exam,30,15,15,10,6,76,84,0,23.75
2736,,,,,118,PBU Final Exam,42,23,9,1,4,79,82,0,24.688
2737,,,,,118,PBU Final Exam,20,20,10,0,10,60,100,0,18.75
2739,,,,,118,PBU Final Exam,31,14,10,2,8,65,95,0,20.312
2740,,,,,118,PBU Final Exam,20,5,15,7,15,62,98,0,19.375
2742,,,,,118,PBU Final Exam,32,19,42,14,5,112,51,0,35
2744,,,,,118,PBU Final Exam,25,5,30,0,-5,55,105,0,17.188
2746,,,,,118,PBU Final Exam,35,0,10,15,0,60,100,0,18.75
2749,,,,,118,PBU Final Exam,25,5,0,0,20,50,110,0,15.625
2750,,,,,118,PBU Final Exam,15,1,16,10,11,53,107,0,16.562
2752,,,,,118,PBU Final Exam,25,35,15,15,10,100,62,0,31.25
2756,,,,,118,PBU Final Exam,20,15,25,35,15,110,53,0,34.375
2757,,,,,118,PBU Final Exam,35,15,20,25,20,115,48,0,35.938
2758,,,,,118,PBU Final Exam,30,15,15,6,10,76,84,0,23.75
2759,,,,,118,PBU Final Exam,35,0,25,25,15,100,62,0,31.25
2760,,,,,118,PBU Final Exam,27,19,11,15,20,92,69,0,28.75
2761,,,,,118,PBU Final Exam,5,5,5,15,10,40,118,0,12.5
2762,,,,,118,PBU Final Exam,34,22,10,6,-1,71,89,0,22.188
2763,,,,,118,PBU Final Exam,0,5,10,5,-5,15,141,0,4.688
2764,,,,,118,PBU Final Exam,35,7,10,6,8,66,94,0,20.625
2765,,,,,118,PBU Final Exam,35,15,35,10,5,100,62,0,31.25
2766,,,,,118,PBU Final Exam,20,15,30,-10,15,70,90,0,21.875
2767,,,,,118,PBU Final Exam,20,0,15,-5,10,40,118,0,12.5
2768,,,,,118,PBU Final Exam,36,20,30,35,5,126,38,0,39.375
2770,,,,,118,PBU Final Exam,40,25,40,35,10,150,21,0,46.875
2771,,,,,118,PBU Final Exam,15,0,0,15,-10,20,136,0,6.25
2773,,,,,118,PBU Final Exam,25,5,5,15,10,60,100,0,18.75
2774,,,,,118,PBU Final Exam,30,-5,-5,-9,-5,6,148,0,1.875
2775,,,,,118,PBU Final Exam,5,0,5,15,5,30,128,0,9.375
2776,,,,,118,PBU Final Exam,15,5,35,5,10,70,90,0,21.875
2777,,,,,118,PBU Final Exam,30,10,15,11,10,76,84,0,23.75
2778,,,,,118,PBU Final Exam,20,15,20,0,15,70,90,0,21.875
2779,,,,,118,PBU Final Exam,25,10,25,15,10,85,76,0,26.562
2780,,,,,118,PBU Final Exam,40,40,35,15,-10,120,44,0,37.5
2781,,,,,118,PBU Final Exam,25,15,25,20,0,85,76,0,26.562
2783,,,,,118,PBU Final Exam,45,25,30,25,10,135,30,0,42.188
2784,,,,,118,PBU Final Exam,20,10,10,10,-5,45,113,0,14.062
2787,,,,,118,PBU Final Exam,10,0,35,-5,5,45,113,0,14.062
2788,,,,,118,PBU Final Exam,-5,15,10,0,5,25,132,0,7.812
2789,,,,,118,PBU Final Exam,36,16,15,6,25,98,63,0,30.625
2790,,,,,118,PBU Final Exam,0,5,20,10,0,35,123,0,10.938
2792,,,,,118,PBU Final Exam,32,1,16,26,-4,71,89,0,22.188
2793,,,,,118,PBU Final Exam,25,20,15,0,5,65,95,0,20.312
2794,,,,,118,PBU Final Exam,35,25,35,10,0,105,57,0,32.812
2795,,,,,118,PBU Final Exam,25,5,0,0,-10,20,136,0,6.25
2796,,,,,118,PBU Final Exam,20,5,45,5,1,76,84,0,23.75
2797,,,,,118,PBU Final Exam,31,12,10,10,25,88,73,0,27.5
2798,,,,,118,PBU Final Exam,20,-5,35,15,15,80,81,0,25
2799,,,,,118,PBU Final Exam,20,10,0,-10,-4,16,140,0,5
2800,,,,,118,PBU Final Exam,27,14,2,6,15,64,96,0,20
2801,,,,,118,PBU Final Exam,30,25,35,10,15,115,48,0,35.938
2803,,,,,118,PBU Final Exam,20,0,-5,10,5,30,128,0,9.375
2804,,,,,118,PBU Final Exam,10,15,35,5,0,65,95,0,20.312
2805,,,,,118,PBU Final Exam,25,15,35,15,5,95,66,0,29.688
2806,,,,,118,PBU Final Exam,-5,-5,5,10,5,10,145,0,3.125
2807,,,,,118,PBU Final Exam,30,0,-5,5,5,35,123,0,10.938
2808,,,,,118,PBU Final Exam,15,0,25,-5,0,35,123,0,10.938
2809,,,,,118,PBU Final Exam,20,15,15,1,0,51,109,0,15.938
2811,,,,,118,PBU Final Exam,35,10,30,25,15,115,48,0,35.938
2812,,,,,118,PBU Final Exam,30,10,20,20,15,95,66,0,29.688
2813,,,,,118,PBU Final Exam,30,26,10,10,10,86,75,0,26.875
2814,,,,,118,PBU Final Exam,30,21,20,5,10,86,75,0,26.875
2815,,,,,118,PBU Final Exam,40,10,35,30,5,120,44,0,37.5
2816,,,,,118,PBU Final Exam,15,25,45,15,0,100,62,0,31.25
2817,,,,,118,PBU Final Exam,20,5,30,10,15,80,81,0,25
2818,,,,,118,PBU Final Exam,30,10,20,10,20,90,71,0,28.125
2819,,,,,118,PBU Final Exam,15,20,45,20,10,110,53,0,34.375
2821,,,,,118,PBU Final Exam,35,26,45,35,5,146,23,0,45.625
2822,,,,,118,PBU Final Exam,20,0,-5,10,-5,20,136,0,6.25
2823,,,,,118,PBU Final Exam,0,5,15,0,0,20,136,0,6.25
2824,,,,,118,PBU Final Exam,22,8,22,20,-3,69,91,0,21.562
2826,,,,,118,PBU Final Exam,23,21,14,12,-5,65,95,0,20.312
2828,,,,,118,PBU Final Exam,0,26,10,5,5,46,112,0,14.375
2829,,,,,118,PBU Final Exam,31,27,12,28,6,104,58,0,32.5
2830,,,,,118,PBU Final Exam,45,5,10,16,0,76,84,0,23.75
2831,,,,,118,PBU Final Exam,30,20,30,25,5,110,53,0,34.375
2832,,,,,118,PBU Final Exam,30,23,-15,12,10,60,100,0,18.75
2833,,,,,118,PBU Final Exam,31,25,15,30,25,126,38,0,39.375
2834,,,,,118,PBU Final Exam,29,18,19,17,4,87,74,0,27.188
2835,,,,,118,PBU Final Exam,35,25,20,15,20,115,48,0,35.938
2836,,,,,118,PBU Final Exam,35,25,5,15,10,90,71,0,28.125
2837,,,,,118,PBU Final Exam,37,39,9,3,8,96,65,0,30
2838,,,,,118,PBU Final Exam,30,15,10,25,30,110,53,0,34.375
2839,,,,,118,PBU Final Exam,28,17,11,10,20,86,75,0,26.875
2840,,,,,118,PBU Final Exam,20,20,20,15,5,80,81,0,25
2841,,,,,118,PBU Final Exam,25,20,35,15,15,110,53,0,34.375
2842,,,,,118,PBU Final Exam,30,32,40,20,0,122,42,0,38.125
2843,,,,,118,PBU Final Exam,30,0,6,20,5,61,99,0,19.062
2844,,,,,118,PBU Final Exam,5,0,-10,0,15,10,145,0,3.125
2845,,,,,118,PBU Final Exam,25,1,10,5,10,51,109,0,15.938
2846,,,,,118,PBU Final Exam,20,15,25,20,5,85,76,0,26.562
2847,,,,,118,PBU Final Exam,15,-5,25,25,-5,55,105,0,17.188
2848,,,,,118,PBU Final Exam,15,26,15,15,0,71,89,0,22.188
2849,,,,,118,PBU Final Exam,40,35,30,25,5,135,30,0,42.188
2851,,,,,118,PBU Final Exam,15,10,10,5,10,50,110,0,15.625
2853,,,,,118,PBU Final Exam,25,15,15,5,15,75,85,0,23.438
2854,,,,,118,PBU Final Exam,15,10,0,-5,10,30,128,0,9.375
2855,,,,,118,PBU Final Exam,30,21,41,25,25,142,26,0,44.375
2856,,,,,118,PBU Final Exam,35,10,5,15,0,65,95,0,20.312
2857,,,,,118,PBU Final Exam,5,15,10,10,10,50,110,0,15.625
2858,,,,,118,PBU Final Exam,36,22,29,20,17,124,40,0,38.75
2859,,,,,118,PBU Final Exam,36,15,-1,10,24,84,77,0,26.25
2860,,,,,118,PBU Final Exam,10,25,-10,25,25,75,85,0,23.438
2861,,,,,118,PBU Final Exam,25,10,11,12,0,58,102,0,18.125
2863,,,,,118,PBU Final Exam,35,25,40,25,10,135,30,0,42.188
2864,,,,,118,PBU Final Exam,20,-5,15,15,0,45,113,0,14.062
2865,,,,,118,PBU Final Exam,20,15,25,0,5,65,95,0,20.312
2866,,,,,118,PBU Final Exam,5,0,0,10,5,20,136,0,6.25
2867,,,,,118,PBU Final Exam,-5,-5,10,5,0,5,149,0,1.562
2868,,,,,118,PBU Final Exam,45,5,10,17,0,77,83,0,24.062
2869,,,,,118,PBU Final Exam,7,27,0,15,10,59,101,0,18.438
2870,,,,,118,PBU Final Exam,2,16,20,12,15,65,95,0,20.312
2871,,,,,118,PBU Final Exam,6,14,12,13,10,55,105,0,17.188
2872,,,,,118,PBU Final Exam,15,10,30,15,15,85,76,0,26.562
2874,,,,,118,PBU Final Exam,35,15,35,25,15,125,39,0,39.062
2875,,,,,118,PBU Final Exam,0,0,20,15,0,35,123,0,10.938
2876,,,,,118,PBU Final Exam,25,15,-5,5,5,45,113,0,14.062
2878,,,,,118,PBU Final Exam,20,1,15,10,10,56,104,0,17.5
2879,,,,,118,PBU Final Exam,25,40,10,13,15,103,59,0,32.188
2880,,,,,118,PBU Final Exam,30,25,12,25,10,102,60,0,31.875
2881,,,,,118,PBU Final Exam,30,20,35,25,5,115,48,0,35.938
2882,,,,,118,PBU Final Exam,30,6,32,15,13,96,65,0,30
2883,,,,,118,PBU Final Exam,26,10,30,20,-5,81,80,0,25.312
2884,,,,,118,PBU Final Exam,0,0,0,5,10,15,141,0,4.688
2887,,,,,118,PBU Final Exam,30,28,4,13,6,81,80,0,25.312
2888,,,,,118,PBU Final Exam,25,7,11,18,10,71,89,0,22.188
2889,,,,,118,PBU Final Exam,10,-15,15,6,-5,11,144,0,3.438
2890,,,,,118,PBU Final Exam,35,15,35,25,15,125,39,0,39.062
2891,,,,,118,PBU Final Exam,15,5,30,10,5,65,95,0,20.312
2892,,,,,118,PBU Final Exam,37,5,6,11,-3,56,104,0,17.5
2893,,,,,118,PBU Final Exam,25,5,10,20,10,70,90,0,21.875
2894,,,,,118,PBU Final Exam,30,10,25,25,25,115,48,0,35.938
2895,,,,,118,PBU Final Exam,35,20,5,10,15,85,76,0,26.562
2896,,,,,118,PBU Final Exam,20,5,30,15,10,80,81,0,25
2897,,,,,118,PBU Final Exam,35,35,0,-10,10,70,90,0,21.875
2898,,,,,118,PBU Final Exam,5,10,0,0,0,15,141,0,4.688
2899,,,,,118,PBU Final Exam,25,-5,-5,4,8,27,130,0,8.438
2900,,,,,118,PBU Final Exam,30,10,0,15,0,55,105,0,17.188
2901,,,,,118,PBU Final Exam,35,2,4,25,-5,61,99,0,19.062
2902,,,,,118,PBU Final Exam,25,15,5,10,10,65,95,0,20.312
2903,,,,,118,PBU Final Exam,15,15,10,0,5,45,113,0,14.062
2904,,,,,118,PBU Final Exam,25,5,35,10,20,95,66,0,29.688
2905,,,,,118,PBU Final Exam,20,10,15,-5,-5,35,123,0,10.938
2906,,,,,118,PBU Final Exam,30,10,0,3,16,59,101,0,18.438
2907,,,,,118,PBU Final Exam,31,13,12,10,-3,63,97,0,19.688
2908,,,,,118,PBU Final Exam,35,10,5,15,0,65,95,0,20.312
2911,,,,,118,PBU Final Exam,10,15,-5,5,15,40,118,0,12.5
2912,,,,,118,PBU Final Exam,35,35,10,5,20,105,57,0,32.812
2913,,,,,118,PBU Final Exam,30,15,21,6,-1,71,89,0,22.188
2916,,,,,118,PBU Final Exam,36,4,17,22,7,86,75,0,26.875
2917,,,,,118,PBU Final Exam,25,30,45,35,30,165,13,0,51.562
2918,,,,,118,PBU Final Exam,20,-5,20,5,15,55,105,0,17.188
2919,,,,,118,PBU Final Exam,23,22,3,15,10,73,87,0,22.812
2920,,,,,118,PBU Final Exam,10,20,20,20,10,80,81,0,25
2922,,,,,118,PBU Final Exam,30,2,8,8,14,62,98,0,19.375
2923,,,,,118,PBU Final Exam,35,10,35,15,5,100,62,0,31.25
2924,,,,,118,PBU Final Exam,20,25,15,0,5,65,95,0,20.312
2925,,,,,118,PBU Final Exam,15,5,45,10,10,85,76,0,26.562
2927,,,,,118,PBU Final Exam,30,27,17,6,6,86,75,0,26.875
2928,,,,,118,PBU Final Exam,26,10,13,7,2,58,102,0,18.125
2929,,,,,118,PBU Final Exam,20,15,0,5,25,65,95,0,20.312
2930,,,,,118,PBU Final Exam,31,23,18,15,5,92,69,0,28.75
2931,,,,,118,PBU Final Exam,39,14,26,23,11,113,50,0,35.312
2932,,,,,118,PBU Final Exam,20,21,35,25,-10,91,70,0,28.438
2933,,,,,118,PBU Final Exam,0,15,-5,10,5,25,132,0,7.812
2934,,,,,118,PBU Final Exam,25,5,15,15,15,75,85,0,23.438
2935,,,,,118,PBU Final Exam,30,15,15,20,10,90,71,0,28.125
2936,,,,,118,PBU Final Exam,35,20,13,16,13,97,64,0,30.312
2937,,,,,118,PBU Final Exam,5,20,5,-10,5,25,132,0,7.812
2939,,,,,118,PBU Final Exam,37,31,8,19,12,107,55,0,33.438
2940,,,,,118,PBU Final Exam,25,15,5,10,0,55,105,0,17.188
2941,,,,,118,PBU Final Exam,15,0,20,10,-5,40,118,0,12.5
2942,,,,,118,PBU Final Exam,25,5,10,10,5,55,105,0,17.188
2943,,,,,118,PBU Final Exam,20,15,0,10,21,66,94,0,20.625
2945,,,,,118,PBU Final Exam,30,5,15,5,5,60,100,0,18.75
2946,,,,,118,PBU Final Exam,0,5,5,-10,20,20,136,0,6.25
2947,,,,,118,PBU Final Exam,31,14,32,10,5,92,69,0,28.75
2948,,,,,118,PBU Final Exam,21,22,10,12,15,80,81,0,25
2949,,,,,118,PBU Final Exam,35,10,20,15,10,90,71,0,28.125
2951,,,,,118,PBU Final Exam,30,40,15,10,20,115,48,0,35.938
2954,,,,,118,PBU Final Exam,30,20,-15,-5,10,40,118,0,12.5
2955,,,,,118,PBU Final Exam,15,15,0,-5,15,40,118,0,12.5
2957,,,,,118,PBU Final Exam,31,-3,13,5,5,51,109,0,15.938
2958,,,,,118,PBU Final Exam,29,37,27,20,17,130,34,0,40.625
2959,,,,,118,PBU Final Exam,30,25,23,10,5,93,68,0,29.062
2960,,,,,118,PBU Final Exam,25,16,35,-4,10,82,79,0,25.625
2961,,,,,118,PBU Final Exam,30,25,4,7,7,73,87,0,22.812
2962,,,,,118,PBU Final Exam,33,6,14,21,13,87,74,0,27.188
2963,,,,,118,PBU Final Exam,29,37,30,21,7,124,40,0,38.75
2964,,,,,118,PBU Final Exam,31,11,22,30,4,98,63,0,30.625
2965,,,,,118,PBU Final Exam,32,15,12,11,2,72,88,0,22.5
2966,,,,,118,PBU Final Exam,25,9,24,6,3,67,93,0,20.938
2969,,,,,118,PBU Final Exam,20,15,10,15,5,65,95,0,20.312
2970,,,,,118,PBU Final Exam,27,13,15,16,11,82,79,0,25.625
2971,,,,,118,PBU Final Exam,36,10,30,20,15,111,52,0,34.688
2972,,,,,118,PBU Final Exam,29,21,29,27,7,113,50,0,35.312
2973,,,,,118,PBU Final Exam,45,10,15,10,-10,70,90,0,21.875
2974,,,,,118,PBU Final Exam,25,15,40,30,20,130,34,0,40.625
2975,,,,,118,PBU Final Exam,20,5,10,0,15,50,110,0,15.625
2976,,,,,118,PBU Final Exam,-5,10,20,-5,6,26,131,0,8.125
2977,,,,,118,PBU Final Exam,36,12,27,18,5,98,63,0,30.625
2978,,,,,118,PBU Final Exam,20,15,25,20,10,90,71,0,28.125
2980,,,,,118,PBU Final Exam,20,15,26,8,6,75,85,0,23.438
2981,,,,,118,PBU Final Exam,25,16,15,0,10,66,94,0,20.625
2982,,,,,118,PBU Final Exam,10,15,10,5,0,40,118,0,12.5
2983,,,,,118,PBU Final Exam,40,20,10,2,-5,67,93,0,20.938
2984,,,,,118,PBU Final Exam,22,27,21,21,11,102,60,0,31.875
2985,,,,,118,PBU Final Exam,45,17,14,25,7,108,54,0,33.75
2986,,,,,118,PBU Final Exam,40,20,5,5,15,85,76,0,26.562
2987,,,,,118,PBU Final Exam,5,30,10,5,5,55,105,0,17.188
2988,,,,,118,PBU Final Exam,36,5,11,5,-5,52,108,0,16.25
2989,,,,,118,PBU Final Exam,26,15,28,12,14,95,66,0,29.688
2991,,,,,118,PBU Final Exam,33,11,14,13,3,74,86,0,23.125
2992,,,,,118,PBU Final Exam,5,0,-10,10,-5,0,151,0,0
2994,,,,,118,PBU Final Exam,40,9,17,13,8,87,74,0,27.188
2995,,,,,118,PBU Final Exam,21,0,22,2,11,56,104,0,17.5
2996,,,,,118,PBU Final Exam,23,21,35,37,8,124,40,0,38.75
2997,,,,,118,PBU Final Exam,21,16,19,10,13,79,82,0,24.688
2998,,,,,118,PBU Final Exam,23,7,18,24,10,82,79,0,25.625
2999,,,,,118,PBU Final Exam,30,25,5,15,5,80,81,0,25
3000,,,,,118,PBU Final Exam,25,10,45,20,0,100,62,0,31.25
3001,,,,,118,PBU Final Exam,35,20,20,5,10,90,71,0,28.125
3002,,,,,118,PBU Final Exam,35,0,30,0,5,70,90,0,21.875
3003,,,,,118,PBU Final Exam,-5,15,10,5,5,30,128,0,9.375
3004,,,,,118,PBU Final Exam,30,25,25,15,10,105,57,0,32.812
3005,,,,,118,PBU Final Exam,45,30,25,30,10,140,27,0,43.75
3007,,,,,118,PBU Final Exam,35,5,30,0,5,75,85,0,23.438
3010,,,,,118,PBU Final Exam,27,16,30,16,5,94,67,0,29.375
3011,,,,,118,PBU Final Exam,25,10,10,5,15,65,95,0,20.312
3012,,,,,118,PBU Final Exam,8,10,7,6,3,34,124,0,10.625
3013,,,,,118,PBU Final Exam,19,18,25,9,5,76,84,0,23.75
3014,,,,,118,PBU Final Exam,16,0,10,-2,5,29,129,0,9.062
3015,,,,,118,PBU Final Exam,30,11,1,26,11,79,82,0,24.688
3016,,,,,118,PBU Final Exam,12,18,22,-2,7,57,103,0,17.812
3019,,,,,118,PBU Final Exam,35,23,35,21,6,120,44,0,37.5
3020,,,,,118,PBU Final Exam,25,25,6,30,5,91,70,0,28.438
3021,,,,,118,PBU Final Exam,40,0,5,4,3,52,108,0,16.25
3023,,,,,118,PBU Final Exam,35,20,5,35,10,105,57,0,32.812
3024,,,,,118,PBU Final Exam,45,0,5,1,5,56,104,0,17.5
3027,,,,,118,PBU Final Exam,5,0,10,-7,-4,4,150,0,1.25
3028,,,,,118,PBU Final Exam,20,10,25,0,5,60,100,0,18.75
3029,,,,,118,PBU Final Exam,25,15,10,5,5,60,100,0,18.75
3031,,,,,118,PBU Final Exam,30,10,15,0,-5,50,110,0,15.625
3032,,,,,118,PBU Final Exam,34,0,4,6,6,50,110,0,15.625
3033,,,,,118,PBU Final Exam,5,6,10,13,-5,29,129,0,9.062
3034,,,,,118,PBU Final Exam,29,5,32,36,6,108,54,0,33.75
3035,,,,,118,PBU Final Exam,25,15,10,15,10,75,85,0,23.438
3036,,,,,118,PBU Final Exam,25,30,17,35,1,108,54,0,33.75
3037,,,,,118,PBU Final Exam,12,-10,20,10,6,38,120,0,11.875
3038,,,,,118,PBU Final Exam,35,30,40,20,15,140,27,0,43.75
3039,,,,,118,PBU Final Exam,15,-5,10,0,5,25,132,0,7.812
3040,,,,,118,PBU Final Exam,40,10,15,15,0,80,81,0,25
3041,,,,,118,PBU Final Exam,20,10,10,-5,0,35,123,0,10.938
3042,,,,,118,PBU Final Exam,5,-5,5,15,0,20,136,0,6.25
3045,,,,,118,PBU Final Exam,20,0,-10,0,0,10,145,0,3.125
3047,,,,,118,PBU Final Exam,5,15,20,30,5,75,85,0,23.438
3048,,,,,118,PBU Final Exam,26,15,7,-3,1,46,112,0,14.375
3049,,,,,118,PBU Final Exam,26,11,9,13,0,59,101,0,18.438
3050,,,,,118,PBU Final Exam,25,0,10,25,30,90,71,0,28.125
3052,,,,,118,PBU Final Exam,20,5,10,20,5,60,100,0,18.75
3055,,,,,118,PBU Final Exam,5,5,10,-5,5,20,136,0,6.25
3056,,,,,118,PBU Final Exam,15,-5,0,25,5,40,118,0,12.5
3057,,,,,118,PBU Final Exam,36,30,1,20,20,107,55,0,33.438
3058,,,,,118,PBU Final Exam,15,0,10,5,5,35,123,0,10.938
3059,,,,,118,PBU Final Exam,31,11,10,25,-2,75,85,0,23.438
3060,,,,,118,PBU Final Exam,0,0,-5,15,-5,5,149,0,1.562
3062,,,,,118,PBU Final Exam,20,17,5,10,1,53,107,0,16.562
3063,,,,,118,PBU Final Exam,40,15,15,40,10,120,44,0,37.5
3064,,,,,118,PBU Final Exam,6,-10,-15,0,1,-18,156,0,0
3065,,,,,118,PBU Final Exam,0,10,15,-10,-5,10,145,0,3.125
3066,,,,,118,PBU Final Exam,30,20,10,-5,15,70,90,0,21.875
3067,,,,,118,PBU Final Exam,20,20,25,10,0,75,85,0,23.438
3068,,,,,118,PBU Final Exam,25,30,10,15,15,95,66,0,29.688
3070,,,,,118,PBU Final Exam,-4,25,10,5,-5,31,127,0,9.688
3071,,,,,118,PBU Final Exam,30,0,15,5,5,55,105,0,17.188
3072,,,,,118,PBU Final Exam,20,35,20,5,1,81,80,0,25.312
3073,,,,,118,PBU Final Exam,25,5,0,11,15,56,104,0,17.5
3075,,,,,118,PBU Final Exam,5,-5,10,5,10,25,132,0,7.812
3077,,,,,118,PBU Final Exam,25,-5,15,5,6,46,112,0,14.375
3078,,,,,118,PBU Final Exam,25,15,30,10,0,80,81,0,25
3079,,,,,118,PBU Final Exam,20,15,5,5,15,60,100,0,18.75
3080,,,,,118,PBU Final Exam,40,25,45,25,5,140,27,0,43.75
3081,,,,,118,PBU Final Exam,15,15,5,15,5,55,105,0,17.188
3082,,,,,118,PBU Final Exam,13,10,33,0,8,64,96,0,20
3083,,,,,118,PBU Final Exam,-5,15,20,0,0,30,128,0,9.375
3084,,,,,118,PBU Final Exam,20,5,40,25,15,105,57,0,32.812
3085,,,,,118,PBU Final Exam,35,25,30,30,10,130,34,0,40.625
3086,,,,,118,PBU Final Exam,5,-10,10,5,10,20,136,0,6.25
3087,,,,,118,PBU Final Exam,5,15,10,25,10,65,95,0,20.312
3088,,,,,118,PBU Final Exam,33,14,23,8,8,86,75,0,26.875
3089,,,,,118,PBU Final Exam,15,10,15,5,0,45,113,0,14.062
3090,,,,,118,PBU Final Exam,25,35,40,30,15,145,24,0,45.312
3091,,,,,118,PBU Final Exam,22,28,11,5,-2,64,96,0,20
3092,,,,,118,PBU Final Exam,20,5,15,30,10,80,81,0,25
3094,,,,,118,PBU Final Exam,26,22,18,10,17,93,68,0,29.062
3095,,,,,118,PBU Final Exam,30,10,25,26,-5,86,75,0,26.875
3097,,,,,118,PBU Final Exam,20,25,40,10,15,110,53,0,34.375
3098,,,,,118,PBU Final Exam,20,20,10,0,5,55,105,0,17.188
3102,,,,,118,PBU Final Exam,40,40,30,25,20,155,18,0,48.438
3103,,,,,118,PBU Final Exam,25,5,10,10,0,50,110,0,15.625
3104,,,,,118,PBU Final Exam,15,0,5,5,10,35,123,0,10.938
3105,,,,,118,PBU Final Exam,5,15,15,10,0,45,113,0,14.062
3106,,,,,118,PBU Final Exam,26,30,25,25,6,112,51,0,35
3107,,,,,118,PBU Final Exam,20,-15,15,12,10,42,116,0,13.125
3108,,,,,118,PBU Final Exam,30,21,18,30,-2,97,64,0,30.312
3109,,,,,118,PBU Final Exam,15,25,40,-5,20,95,66,0,29.688
3110,,,,,118,PBU Final Exam,35,10,10,15,10,80,81,0,25
3112,,,,,118,PBU Final Exam,30,25,-5,5,10,65,95,0,20.312
3113,,,,,118,PBU Final Exam,35,25,20,0,15,95,66,0,29.688
3114,,,,,118,PBU Final Exam,30,10,20,0,10,70,90,0,21.875
3115,,,,,118,PBU Final Exam,41,0,20,5,5,71,89,0,22.188
3116,,,,,118,PBU Final Exam,25,5,20,-5,0,45,113,0,14.062
3117,,,,,118,PBU Final Exam,33,26,57,7,4,127,37,0,39.688
3118,,,,,118,PBU Final Exam,28,16,26,4,5,79,82,0,24.688
3119,,,,,118,PBU Final Exam,33,19,30,4,2,88,73,0,27.5
3120,,,,,118,PBU Final Exam,33,15,31,17,10,106,56,0,33.125
3121,,,,,118,PBU Final Exam,28,6,7,-1,5,45,113,0,14.062
3122,,,,,118,PBU Final Exam,35,15,15,10,20,95,66,0,29.688
3123,,,,,118,PBU Final Exam,30,20,21,20,5,96,65,0,30
3124,,,,,118,PBU Final Exam,40,35,10,5,0,90,71,0,28.125
3126,,,,,118,PBU Final Exam,35,5,30,10,15,95,66,0,29.688
3127,,,,,118,PBU Final Exam,40,35,10,0,10,95,66,0,29.688
3128,,,,,118,PBU Final Exam,40,20,5,1,5,71,89,0,22.188
3129,,,,,118,PBU Final Exam,30,35,15,20,5,105,57,0,32.812
3130,,,,,118,PBU Final Exam,30,35,25,15,5,110,53,0,34.375
3131,,,,,118,PBU Final Exam,30,45,-5,15,5,90,71,0,28.125
3132,,,,,118,PBU Final Exam,30,0,20,31,15,96,65,0,30
3133,,,,,118,PBU Final Exam,15,15,25,10,5,70,90,0,21.875
3134,,,,,118,PBU Final Exam,10,5,20,15,5,55,105,0,17.188
3135,,,,,118,PBU Final Exam,25,10,-5,10,0,40,118,0,12.5
3136,,,,,118,PBU Final Exam,36,27,40,5,10,118,46,0,36.875
1981,,,,,118,PBU Final Exam,-10,-13,-11,-8,-6,-48,158,0,0
1889,,,,,118,PBU Final Exam,15,5,15,25,10,70,90,0,21.875
